participant_id	apm_corr	apm_incorr	apm_RT
sub-pp107	1.0	0.0	39094.90000000596
sub-pp107	1.0	0.0	19363.19999998808
sub-pp107	1.0	0.0	74329.89999997616
sub-pp107	1.0	0.0	39119.20000001788
sub-pp107	1.0	0.0	76040.79999998212
sub-pp107	1.0	0.0	38351.0
sub-pp107	1.0	0.0	45584.69999998808
sub-pp107	1.0	0.0	50634.59999999404
sub-pp107	0.0	1.0	33017.59999999404
sub-pp107	1.0	0.0	119936.70000001788
sub-pp107	0.0	1.0	275735.0
sub-pp107	1.0	0.0	283304.2000000179
sub-pp107	0.0	1.0	133319.29999998212
